{
    "llama3-70b-8192": {
        "energy_wh": 0.0125,
        "ghg_co2eq": 0.00665,
        "primary_energy_kj": 0.165,
        "token_cost": 0.59e-6
    },
    "llama3-8b-8192": {
        "energy_wh": 0.00377,
        "ghg_co2eq": 0.00202,
        "primary_energy_kj": 0.0498,
        "token_cost": 0.05e-6
    },
    "mixtral-8x7b-32768": {
        "energy_wh": 0.00446,
        "ghg_co2eq": 0.00238,
        "primary_energy_kj": 0.0587,
        "token_cost": 0.24e-6
    }
}